No,Country,City,Site name,Location,Start date,End date,Sample name,Sampling days,"Sampling volume, m3",Identified mass,HCB,a-HCH,b-HCH,g-HCH,d-HCH,"P,P'-DDT","o,p'-DDT","p,p'-DDE","o,p'-DDE","P,P'-DDD","o,p'-DDD",DBP,DDMU,Heptachlor,Aldrin,Isodrin,Heptachlor-exo-epoxide-b,Oxy-chlordane,Heptachlor epoxide-a,g-Chlordane,a-Chlordane,a-Endosulfan,b-Endosulfan ,Dieldrin,Endrin,Methoxychlor,Mirex,"Conc,",HCB,a-HCH,b-HCH,g-HCH,d-HCH,"P,P'-DDT","o,p'-DDT","p,p'-DDE","o,p'-DDE","P,P'-DDD","o,p'-DDD",DBP,DDMU,Heptachlor,Aldrin,Isodrin,Heptachlor-exo-epoxide-b,Oxy-chlordane,Heptachlor epoxide-a,g-Chlordane,a-Chlordane,a-Endosulfan,b-Endosulfan ,Dieldrin,Endrin,Methoxychlor,Mirex,
1,Bangladesh,Dhaka,BD-C1-1(Amin Bazar Dumping Place ),,2017-12-12,2018-03-16,SCP-52,94,329,pg,4130.81 ,655.58 ,98.74 ,2532.91 ,48.86 ,44004.43 ,16828.31 ,20270.70 ,3018.63 ,5255.26 ,1871.76 ,3652.49 ,2699.28 ,156.25 ,11.16 ,183.23 ,2.98 ,20.38 ,32.11 ,1416.56 ,500.01 ,56.17 ,305.73 ,179.45 ,95.66 ,607.20 ,36.11 ,pg/m3,12.51 ,1.99 ,0.29 ,7.70 ,0.15 ,133.39 ,51.02 ,61.50 ,9.17 ,15.93 ,5.67 ,10.92 ,8.16 ,0.46 ,0.03 ,0.54 ,<MDL,0.03 ,0.09 ,4.10 ,1.40 ,<MDL,0.91 ,0.53 ,0.28 ,1.83 ,0.11 ,
2,Bangladesh,Dhaka,"BD-C1-1(JJK, Gazipur)",,2018-01-05,2018-03-24,SCP-53,78,273,correctecd by Recovery standards,1320.57 ,428.55 ,56.04 ,1211.12 ,42.26 ,16746.84 ,7144.08 ,6435.16 ,836.77 ,1919.20 ,834.11 ,1007.36 ,859.83 ,98.26 ,3.43 ,24.95 ,2.86 ,51.70 ,16.08 ,1322.63 ,565.86 ,15.03 ,25.54 ,35.21 ,19.14 ,73.16 ,23.76 ,,4.78 ,1.57 ,0.19 ,4.43 ,0.15 ,60.90 ,26.01 ,23.43 ,3.06 ,6.97 ,3.03 ,3.47 ,3.10 ,0.34 ,<MDL,0.07 ,<MDL,0.15 ,0.05 ,4.60 ,1.93 ,<MDL,0.07 ,0.11 ,0.05 ,0.25 ,0.08 ,
3,Bangladesh,Dhaka,"BD-C1-1(Chemistry Building, DU)",,2017-12-09,2018-03-12,SCP-54,93,325.5,,1719.67 ,617.00 ,155.46 ,2660.18 ,95.71 ,85464.78 ,33826.12 ,26935.28 ,3164.41 ,10069.60 ,3117.72 ,4959.28 ,3793.50 ,732.84 ,4.75 ,112.08 ,2.60 ,20.76 ,5.26 ,2222.88 ,980.57 ,14.94 ,248.19 ,34.82 ,58.24 ,238.64 ,83.37 ,,5.24 ,1.89 ,0.47 ,8.17 ,0.29 ,262.20 ,103.79 ,82.64 ,9.71 ,30.89 ,9.56 ,15.05 ,11.61 ,2.23 ,0.01 ,0.33 ,<MDL,0.03 ,0.01 ,6.62 ,2.89 ,<MDL,0.74 ,0.10 ,0.16 ,0.72 ,0.25 ,
4,Bangladesh,Dhaka,BD-C1-1(Demra Dumping place),,2017-12-14,2018-03-13,SCP-55,89,311.5,,5342.20 ,670.94 ,148.33 ,2390.37 ,59.16 ,100790.78 ,43262.40 ,44917.79 ,6859.96 ,15237.73 ,5207.12 ,3260.10 ,6532.10 ,324.76 ,12.42 ,100.26 ,2.03 ,39.14 ,38.86 ,2687.46 ,803.06 ,231.82 ,734.75 ,115.65 ,88.18 ,186.92 ,58.17 ,,17.10 ,2.15 ,0.46 ,7.67 ,0.19 ,323.18 ,138.75 ,144.08 ,22.01 ,48.87 ,16.70 ,10.27 ,20.93 ,1.02 ,0.03 ,0.31 ,<MDL,0.09 ,0.12 ,8.41 ,2.45 ,0.70 ,2.34 ,0.36 ,0.27 ,0.59 ,0.18 ,
5,Bangladesh,Dhaka,"BD-C1-5-1(Mohakhali, Dhaka)",,2018-01-12,2018-03-29,SCP-56,76,266,,1084.58 ,386.73 ,138.28 ,1662.07 ,69.41 ,92388.66 ,33825.06 ,30377.77 ,3493.20 ,12237.86 ,4137.52 ,3451.25 ,6234.46 ,521.75 ,5.19 ,47.33 ,2.74 ,28.72 ,4.10 ,1176.52 ,532.33 ,52.87 ,192.16 ,32.13 ,13.97 ,116.34 ,28.79 ,,4.02 ,1.45 ,0.51 ,6.25 ,0.26 ,346.87 ,127.00 ,114.06 ,13.12 ,45.95 ,15.53 ,12.75 ,23.39 ,1.94 ,0.01 ,0.16 ,<MDL,0.07 ,0.01 ,4.17 ,1.85 ,<MDL,0.69 ,0.11 ,0.03 ,0.42 ,0.10 ,
6,Bangladesh,Dhaka,"BD-C1-7-1(Akrain Bazar, Savar)",,2018-01-22,2018-03-26,SCP-57,63,220.5,,1363.28 ,287.15 ,53.13 ,903.82 ,30.74 ,19531.13 ,2074.61 ,491.27 ,975.21 ,36.00 ,4.48 ,1636.66 ,1016.51 ,92.84 ,6.48 ,15.62 ,2.48 ,26.82 ,4.37 ,10342.21 ,6.80 ,147.82 ,6.63 ,7006.63 ,883.11 ,94.65 ,38.73 ,,6.12 ,1.30 ,0.22 ,4.10 ,0.14 ,88.03 ,9.22 ,2.06 ,4.41 ,<MDL,<MDL,7.15 ,4.55 ,0.39 ,0.02 ,0.05 ,<MDL,0.07 ,0.01 ,46.60 ,<MDL,0.61 ,<MDL,31.76 ,3.98 ,0.41 ,0.17 ,
7,Bangladesh,Dhaka,BD-C1-4-1(Demra Dumping+Medical Incineration Plant),,2017-12-14,2018-03-17,SCP-58,93,325.5,,2986.20 ,581.24 ,123.24 ,2735.49 ,69.60 ,155322.79 ,16719.24 ,596.74 ,11470.67 ,335.88 ,75.55 ,2118.05 ,1744.77 ,291.13 ,11.11 ,79.37 ,2.25 ,116.69 ,6.79 ,10462.63 ,263.22 ,8545.58 ,52.53 ,76888.69 ,5490.18 ,1185.75 ,1439.08 ,,9.13 ,1.78 ,0.37 ,8.40 ,0.21 ,476.81 ,51.24 ,1.72 ,35.23 ,0.99 ,0.21 ,6.32 ,5.32 ,0.88 ,0.03 ,0.23 ,<MDL,0.33 ,0.02 ,31.94 ,0.68 ,26.21 ,0.14 ,236.21 ,16.85 ,3.63 ,4.42 ,
8,Bangladesh,Dhaka,"BD-C1-6-1(Shiddhirgonj Power Plant, Dhaka)",,2017-12-14,2018-03-17,SCP-59,93,325.5,,983.12 ,447.68 ,63.62 ,2102.27 ,49.03 ,855393.79 ,457745.12 ,420553.17 ,122866.03 ,129235.26 ,43293.09 ,12900.33 ,35573.19 ,162.60 ,7.59 ,60.51 ,0.17 ,5.47 ,0.30 ,1098.51 ,432.97 ,17.10 ,312.12 ,16.41 ,125.75 ,123.22 ,17.79 ,,2.98 ,1.37 ,0.18 ,6.46 ,0.15 ,2627.57 ,1406.15 ,1291.91 ,377.46 ,396.99 ,132.99 ,39.45 ,109.25 ,0.48 ,0.02 ,0.17 ,<MDL,<MDL,<MDL,3.17 ,1.21 ,<MDL,0.94 ,0.04 ,0.37 ,0.37 ,0.05 ,
9,Bangladesh,Chittagong,"BD-C2-1-1(Old ship breaking yard Mosque, chittagong)",,2017-12-16,2018-03-23,SCP-60,97,339.5,,2245.69 ,1932.12 ,208.50 ,1483.89 ,195.54 ,18925.16 ,8858.07 ,5505.23 ,695.87 ,1483.57 ,680.03 ,2845.11 ,515.93 ,91.57 ,20.49 ,59.45 ,2.30 ,18.89 ,6.60 ,865.98 ,484.09 ,39.11 ,274.49 ,31.68 ,36.44 ,260.04 ,71.42 ,,6.57 ,5.69 ,0.60 ,4.37 ,0.57 ,55.39 ,25.97 ,16.11 ,2.04 ,4.33 ,1.98 ,8.20 ,1.48 ,0.25 ,0.05 ,0.16 ,<MDL,0.02 ,0.02 ,2.35 ,1.31 ,<MDL,0.79 ,0.08 ,0.09 ,0.76 ,0.21 ,
10,Bangladesh,Chittagong,"BD-C2-4-1(PHP Colored Tin Factory, Kumira, Shitakundo)",,2017-12-16,2018-03-23,SCP-61,97,339.5,,1323.59 ,252.97 ,72.69 ,930.30 ,11.91 ,9713.64 ,5488.45 ,3949.30 ,429.66 ,898.90 ,450.66 ,1575.29 ,333.89 ,37.29 ,7.48 ,19.44 ,3.06 ,20.58 ,1.72 ,1300.15 ,692.73 ,5.05 ,154.73 ,3.61 ,47.58 ,137.23 ,21.64 ,,3.86 ,0.74 ,0.20 ,2.74 ,0.03 ,28.26 ,16.04 ,11.52 ,1.26 ,2.60 ,1.31 ,4.46 ,0.95 ,0.09 ,0.02 ,0.04 ,<MDL,0.03 ,<MDL,3.63 ,1.92 ,<MDL,0.43 ,<MDL,0.13 ,0.39 ,0.06 ,
11,Bangladesh,Chittagong,"BD-C2-3-1(Chittagong Chemical Complex, Chittagong",,2018-12-16,2019-03-23,SCP-62,97,339.5,,1392.29 ,219.07 ,57.31 ,593.12 ,26.90 ,53986.91 ,38108.00 ,34216.13 ,10082.59 ,6061.27 ,4407.01 ,1405.39 ,1698.98 ,81.56 ,8.84 ,54.82 ,3.98 ,26.26 ,10.49 ,777.38 ,342.57 ,5.60 ,99.19 ,28.61 ,45.59 ,189.79 ,22.25 ,,4.06 ,0.64 ,0.16 ,1.74 ,0.08 ,158.67 ,112.12 ,100.67 ,29.69 ,17.81 ,12.96 ,3.96 ,4.97 ,0.22 ,0.02 ,0.15 ,<MDL,0.05 ,0.03 ,2.09 ,0.89 ,<MDL,0.27 ,0.07 ,0.12 ,0.55 ,0.06 ,
12,Bangladesh,Chittagong,"BD-C2-5-1(Chawsha Hill, Chittagong)",,2017-12-16,2018-03-23,SCP-63,97,339.5,,1424.03 ,332.75 ,88.54 ,1192.86 ,51.71 ,32636.35 ,15777.94 ,10977.60 ,1185.29 ,2901.89 ,1198.19 ,2829.71 ,1088.25 ,183.14 ,11.44 ,76.33 ,1.31 ,22.64 ,14.69 ,1588.81 ,822.74 ,38.69 ,68.50 ,9.38 ,37.16 ,148.24 ,47.80 ,,4.15 ,0.98 ,0.25 ,3.51 ,0.15 ,95.78 ,46.35 ,32.22 ,3.48 ,8.50 ,3.51 ,8.16 ,3.17 ,0.52 ,0.03 ,0.21 ,<MDL,0.04 ,0.04 ,4.48 ,2.30 ,<MDL,0.18 ,0.02 ,0.10 ,0.43 ,0.14 ,
13,Bangladesh,Chittagong,"BD-C2-2-1(Old ship breaking yard, chittagong)",,2017-12-16,2018-03-23,SCP-64,97,339.5,,1916.74 ,1955.91 ,339.86 ,1420.62 ,306.79 ,20569.29 ,10261.00 ,6496.71 ,844.74 ,1734.06 ,770.04 ,1360.14 ,612.01 ,114.34 ,10.59 ,75.72 ,2.91 ,24.35 ,18.52 ,1945.08 ,987.55 ,54.63 ,245.73 ,14.07 ,80.90 ,212.71 ,66.87 ,,5.60 ,5.76 ,0.99 ,4.18 ,0.90 ,60.23 ,30.10 ,19.03 ,2.48 ,5.06 ,2.25 ,3.83 ,1.76 ,0.32 ,0.03 ,0.21 ,<MDL,0.04 ,0.05 ,5.53 ,2.79 ,<MDL,0.70 ,0.03 ,0.22 ,0.62 ,0.19 ,
14,Bangladesh,Khulna,BD-C3-3-1(Khulna),,2018-02-10,2018-04-13,SCP-65,62,217,,767.23 ,259.14 ,64.14 ,729.59 ,24.14 ,183541.38 ,93038.62 ,123657.39 ,16739.97 ,29738.05 ,14146.13 ,2989.46 ,40251.45 ,706.88 ,46.93 ,59.50 ,2.24 ,26.79 ,11.35 ,2858.41 ,2167.73 ,9.86 ,59.80 ,7.06 ,100.14 ,65.25 ,59.70 ,,3.47 ,1.19 ,0.28 ,3.36 ,0.11 ,845.26 ,428.55 ,569.68 ,77.13 ,136.97 ,65.16 ,13.50 ,185.43 ,3.23 ,0.21 ,0.25 ,<MDL,0.07 ,0.05 ,12.86 ,9.80 ,<MDL,0.24 ,<MDL,0.44 ,0.28 ,0.27 ,
15,Bangladesh,Khulna,BD-C3-2-1(Khulna),,2018-02-10,2018-04-13,SCP-66,62,217,,569.06 ,231.87 ,70.59 ,695.25 ,34.97 ,176747.00 ,85291.28 ,102584.15 ,12338.63 ,23391.56 ,10830.26 ,3849.50 ,28151.62 ,97.96 ,4.53 ,28.57 ,1.31 ,14.43 ,7.74 ,968.26 ,463.58 ,36.93 ,109.77 ,35.33 ,12.96 ,45.40 ,35.08 ,,2.56 ,1.06 ,0.31 ,3.20 ,0.16 ,813.95 ,392.85 ,472.57 ,56.85 ,107.73 ,49.88 ,17.46 ,129.67 ,0.42 ,0.01 ,0.11 ,<MDL,<MDL,0.03 ,4.15 ,1.95 ,<MDL,0.47 ,0.15 ,<MDL,0.19 ,0.16 ,
16,Bangladesh,Khulna,BD-C3-1-2(Khulna),,2018-02-10,2018-04-13,SCP-67,62,217,,727.97 ,177.81 ,83.69 ,776.70 ,29.06 ,20501.85 ,7198.84 ,7485.68 ,639.11 ,1935.95 ,837.69 ,2855.81 ,1083.70 ,78.14 ,11.87 ,27.43 ,5.57 ,24.64 ,13.72 ,1094.51 ,580.92 ,45.50 ,64.06 ,10.91 ,63.08 ,71.96 ,38.43 ,,3.29 ,0.82 ,0.37 ,3.58 ,0.13 ,93.93 ,32.98 ,34.32 ,2.93 ,8.85 ,3.83 ,12.88 ,4.93 ,0.33 ,0.05 ,0.11 ,0.02 ,0.06 ,0.06 ,4.73 ,2.49 ,<MDL,0.26 ,0.03 ,0.27 ,0.31 ,0.17 ,
18,Bangladesh,Khulna,C3-4,BD-C3-4(Khulna),2018-02-10,2018-04-13,SCP-68,62,217,,873.38 ,420.40 ,55.66 ,1241.79 ,26.17 ,18880.64 ,6361.91 ,8750.02 ,909.84 ,3461.11 ,1358.28 ,2096.14 ,1841.90 ,68.02 ,33.11 ,6.72 ,4.05 ,143.87 ,2.04 ,851.47 ,419.99 ,7.38 ,19.02 ,65.21 ,39.22 ,1.56 ,29.12 ,,3.96 ,1.93 ,0.24 ,5.72 ,0.12 ,86.45 ,29.12 ,40.15 ,4.18 ,15.88 ,6.23 ,9.38 ,8.43 ,0.29 ,0.14 ,<MDL,<MDL,0.61 ,<MDL,3.61 ,1.75 ,<MDL,0.05 ,0.28 ,0.16 ,<MDL,0.13 ,
19,Bangladesh,Sylhet,C4-1,BD-C4-1(Sylhet),2018-02-15,2018-04-15,SCP-69,59,206.5,,1022.65 ,503.04 ,25.57 ,1866.06 ,7.46 ,11826.45 ,4945.74 ,5721.46 ,754.48 ,2608.18 ,1174.00 ,460.69 ,869.56 ,152.53 ,11.48 ,4.72 ,5.51 ,33.44 ,6.36 ,1204.32 ,559.00 ,12.64 ,6.47 ,82.16 ,26.79 ,9.39 ,16.93 ,,4.88 ,2.43 ,0.11 ,9.03 ,0.03 ,56.69 ,23.75 ,27.53 ,3.64 ,12.56 ,5.65 ,1.94 ,4.15 ,0.71 ,0.05 ,<MDL,0.02 ,0.11 ,0.02 ,5.51 ,2.51 ,<MDL,<MDL,0.38 ,0.11 ,0.03 ,0.08 ,
20,Bangladesh,Bogura,C6-1,BD-C6-1(MOSLA  Gobesona),2017-12-10,2018-02-15,SCP-70,67,234.5,,1330.13 ,837.00 ,62.97 ,3031.01 ,26.34 ,13022.55 ,6240.54 ,7158.43 ,880.59 ,2270.25 ,1073.71 ,751.03 ,355.77 ,111.76 ,7.35 ,9.69 ,4.24 ,99.90 ,2.33 ,882.36 ,534.82 ,0.69 ,24.91 ,31.36 ,22.81 ,5.11 ,2.81 ,,5.61 ,3.57 ,0.25 ,12.92 ,0.11 ,55.02 ,26.43 ,30.37 ,3.74 ,9.62 ,4.55 ,2.95 ,1.46 ,0.45 ,0.02 ,0.02 ,0.01 ,0.38 ,<MDL,3.48 ,2.11 ,<MDL,0.07 ,0.12 ,0.08 ,<MDL,<MDL,
21,Bangladesh,Bogura,C6-2,"BD-C6-2(Thonthonia, BRTC )",2017-12-10,2018-02-15,SCP-71,67,234.5,,1698.90 ,820.78 ,94.09 ,3589.76 ,36.06 ,17596.46 ,7685.31 ,9090.58 ,1160.09 ,2715.91 ,1188.83 ,1121.82 ,711.68 ,341.64 ,10.98 ,13.75 ,2.52 ,18.27 ,15.48 ,1285.95 ,629.32 ,11.50 ,45.92 ,28.83 ,7.25 ,3.31 ,25.46 ,,7.18 ,3.50 ,0.39 ,15.30 ,0.15 ,74.53 ,32.59 ,38.61 ,4.94 ,11.52 ,5.04 ,4.53 ,2.98 ,1.43 ,0.04 ,0.04 ,<MDL,0.03 ,0.06 ,5.20 ,2.51 ,<MDL,0.16 ,0.11 ,<MDL,<MDL,0.10 ,
22,Bangladesh,Bogura,C6-3,"BD-C6-3(BWDB, Atpara,  BISIC)",2017-12-10,2018-02-15,SCP-72,67,234.5,,2142.41 ,996.58 ,68.46 ,3467.18 ,31.42 ,14437.55 ,5973.30 ,8754.31 ,1039.61 ,2501.09 ,1151.43 ,644.20 ,692.90 ,17348.99 ,6.60 ,28.02 ,13.04 ,47.71 ,28.05 ,8023.47 ,1240.95 ,22.83 ,29.95 ,42.26 ,67.57 ,6.32 ,2.32 ,,9.07 ,4.25 ,0.28 ,14.78 ,0.13 ,61.06 ,25.29 ,37.17 ,4.42 ,10.60 ,4.88 ,2.49 ,2.90 ,73.96 ,0.02 ,0.10 ,0.05 ,0.16 ,0.11 ,33.93 ,5.12 ,<MDL,0.10 ,0.16 ,0.27 ,<MDL,<MDL,
23,Bangladesh,Bogura,C6-4,"BD-C6-4(Souj, Feri bivag, Nishindara)",2017-12-10,2018-02-15,SCP-73,67,234.5,,1759.80 ,781.98 ,69.22 ,3570.02 ,69.09 ,17810.40 ,6464.95 ,9380.61 ,1070.02 ,2536.99 ,1160.28 ,2931.43 ,1112.00 ,1898.84 ,6.25 ,38.41 ,2.03 ,32.45 ,24.33 ,2177.39 ,664.11 ,58.45 ,30.60 ,22.84 ,81.85 ,14.80 ,19.91 ,,7.44 ,3.33 ,0.28 ,15.22 ,0.29 ,75.44 ,27.39 ,39.84 ,4.55 ,10.75 ,4.92 ,12.25 ,4.69 ,8.07 ,0.02 ,0.14 ,<MDL,0.09 ,0.10 ,9.00 ,2.66 ,<MDL,0.10 ,0.08 ,0.33 ,0.05 ,0.08 ,
24,Bangladesh,Mymensingh,C7-1,BD-C7-1(Mymensingh),2017-12-25,2018-03-07,SCP-74,72,252,,2771.70 ,786.37 ,95.62 ,2791.52 ,35.44 ,18521.91 ,7701.67 ,8249.95 ,1106.91 ,2951.86 ,1260.08 ,932.44 ,1012.78 ,110.73 ,9.65 ,13.64 ,3.01 ,62.92 ,34.91 ,1233.73 ,518.36 ,22.45 ,13.75 ,33.22 ,78.83 ,28.13 ,9.50 ,,10.94 ,3.12 ,0.37 ,11.07 ,0.14 ,73.02 ,30.39 ,32.59 ,4.38 ,11.65 ,4.98 ,3.46 ,3.97 ,0.42 ,0.03 ,0.04 ,<MDL,0.21 ,0.13 ,4.63 ,1.90 ,<MDL,<MDL,0.12 ,0.29 ,0.10 ,0.03 ,
25,Bangladesh,Mymensingh ,C7-2,BD-C7-2( RAK Ceramics),2017-12-25,2018-03-07,SCP-75,72,252,,2604.33 ,953.99 ,14.35 ,3194.49 ,29.80 ,27791.83 ,11638.13 ,10533.64 ,1401.39 ,4403.83 ,1799.54 ,1370.88 ,2076.00 ,365.27 ,0.86 ,32.15 ,3.04 ,56.25 ,32.80 ,4693.37 ,1750.30 ,38.28 ,23.63 ,15.31 ,25.25 ,24.40 ,44.44 ,,10.28 ,3.78 ,0.04 ,12.67 ,0.12 ,109.81 ,46.02 ,41.65 ,5.55 ,17.42 ,7.12 ,5.20 ,8.19 ,1.43 ,<MDL,0.11 ,<MDL,0.18 ,0.12 ,18.36 ,6.79 ,<MDL,0.06 ,0.05 ,0.08 ,0.08 ,0.17 ,
26,Bangladesh,Dhaka,C1-1,"BD-C1-1(Chemistry Building, DU)",2018-03-12,2018-06-20,SCP-76,100,350,,829.78 ,457.63 ,44.39 ,1583.87 ,49.68 ,79355.40 ,29316.28 ,29580.33 ,3227.14 ,12899.15 ,4727.78 ,4984.06 ,5412.70 ,175.64 ,0.35 ,27.31 ,1.92 ,15.97 ,36.63 ,696.54 ,244.81 ,45.32 ,143.24 ,48.16 ,15.48 ,19.46 ,5.87 ,,2.33 ,1.31 ,0.12 ,4.52 ,0.14 ,226.39 ,83.64 ,84.41 ,9.21 ,36.81 ,13.49 ,14.07 ,15.43 ,0.49 ,<MDL,0.07 ,<MDL,<MDL,0.10 ,1.80 ,0.58 ,<MDL,0.39 ,0.13 ,0.03 ,0.05 ,0.01 ,
27,Bangladesh,Dhaka,C1-2,BD-C1-2(Amin Bazar Dumping Place ),2018-03-12,2018-06-13,SCP-77,93,325.5,,1635.92 ,421.07 ,68.72 ,903.89 ,38.78 ,39324.01 ,13130.28 ,14996.26 ,1715.08 ,6543.29 ,2371.43 ,2228.30 ,3083.71 ,102.62 ,7.43 ,40.33 ,12.18 ,48.29 ,6.42 ,920.30 ,224.83 ,11.63 ,83.28 ,84.87 ,32.05 ,35.55 ,12.14 ,,4.98 ,1.29 ,0.20 ,2.77 ,0.12 ,120.44 ,40.21 ,45.96 ,5.26 ,20.06 ,7.27 ,6.66 ,9.43 ,0.30 ,0.02 ,0.11 ,0.03 ,0.12 ,0.02 ,2.62 ,0.57 ,<MDL,0.23 ,0.25 ,0.08 ,0.10 ,0.03 ,
28,Bangladesh,Dhaka,C1-3,BD-C1-3(Demra Dumping),2018-03-17,2018-07-03,SCP-78,108,378,,3410.02 ,2977.15 ,1120.72 ,2422.83 ,192.49 ,151779.37 ,70545.28 ,65586.09 ,8037.72 ,31754.34 ,11600.01 ,5729.94 ,15210.03 ,249.09 ,11.97 ,75.46 ,3.49 ,45.19 ,44.96 ,1375.02 ,745.80 ,106.36 ,324.51 ,41.40 ,46.72 ,49.40 ,126.43 ,,8.98 ,7.87 ,2.96 ,6.41 ,0.51 ,401.22 ,186.52 ,173.41 ,21.26 ,83.97 ,30.67 ,15.00 ,40.20 ,0.64 ,0.03 ,0.19 ,<MDL,0.09 ,0.12 ,3.46 ,1.87 ,0.24 ,0.84 ,0.10 ,0.11 ,0.12 ,0.33 ,
29,Bangladesh,Dhaka,C1-4,BD-C1-4(Medical Incineration)),2018-03-17,2018-07-03,SCP-79,108,378,,1554.90 ,467.28 ,110.31 ,1477.35 ,50.45 ,187996.64 ,97295.87 ,71126.86 ,8791.72 ,38468.56 ,12271.12 ,4655.51 ,16416.00 ,104.97 ,7.42 ,31.64 ,6.48 ,63.27 ,57.47 ,544.70 ,225.56 ,59.65 ,312.66 ,58.50 ,19.61 ,17.78 ,45.69 ,,4.08 ,1.23 ,0.28 ,3.91 ,0.13 ,497.03 ,257.28 ,188.07 ,23.25 ,101.73 ,32.45 ,12.16 ,43.39 ,0.26 ,0.01 ,0.07 ,0.01 ,0.14 ,0.15 ,1.26 ,0.49 ,<MDL,0.81 ,0.14 ,0.04 ,0.04 ,0.12 ,
30,Bangladesh,Dhaka,C1-5,BD-C1-5(Mohakhali Dhaka,2018-03-20,2018-06-18,SCP-80,90,315,,891.95 ,354.04 ,151.77 ,1347.32 ,48.60 ,82244.31 ,31558.62 ,31247.25 ,3444.96 ,13600.33 ,4852.49 ,4389.69 ,6853.84 ,203.46 ,4.74 ,22.88 ,3.25 ,36.25 ,16.74 ,2103.23 ,801.96 ,27.34 ,33.62 ,43.44 ,19.09 ,18.33 ,5.94 ,,2.79 ,1.12 ,0.47 ,4.27 ,0.15 ,260.71 ,100.05 ,99.08 ,10.93 ,43.13 ,15.38 ,13.75 ,21.72 ,0.63 ,0.01 ,0.06 ,<MDL,0.08 ,0.05 ,6.46 ,2.42 ,<MDL,0.08 ,0.13 ,0.05 ,0.05 ,0.01 ,
31,Bangladesh,Dhaka,C1-6,BD-C1-6(Shiddhir ganj),2018-03-17,2018-06-19,SCP-81,94,329,,672.59 ,249.89 ,52.95 ,674.84 ,12.49 ,810153.18 ,389943.50 ,367617.69 ,92543.04 ,135606.13 ,38171.68 ,11412.34 ,27073.52 ,150.33 ,12.03 ,61.40 ,1.85 ,29.27 ,30.14 ,1338.51 ,622.30 ,7.76 ,167.09 ,20.47 ,14.80 ,242.18 ,41.21 ,,2.00 ,0.76 ,0.15 ,2.05 ,0.04 ,2462.11 ,1185.11 ,1117.26 ,281.28 ,412.13 ,116.00 ,34.51 ,82.25 ,0.44 ,0.03 ,0.17 ,<MDL,0.06 ,0.09 ,3.86 ,1.77 ,<MDL,0.49 ,0.05 ,0.03 ,0.73 ,0.12 ,
32,Bangladesh,Dhaka,C1-7,BD-C1-7(Akrain Bazer),2018-03-27,2018-06-13,SCP-82,78,273,,458.42 ,134.41 ,10.02 ,334.47 ,4.57 ,32659.65 ,13757.47 ,12767.31 ,1225.82 ,5078.72 ,1971.58 ,1757.63 ,2008.56 ,70.45 ,12385.35 ,26.18 ,1.52 ,31.06 ,33.40 ,1338.64 ,481.19 ,29.33 ,6.36 ,12.03 ,23.79 ,109.36 ,17.47 ,,1.63 ,0.49 ,<MDL,1.22 ,0.01 ,119.19 ,50.24 ,46.63 ,4.48 ,18.55 ,7.20 ,6.22 ,7.31 ,0.24 ,45.36 ,0.08 ,<MDL,0.07 ,0.12 ,4.66 ,1.62 ,<MDL,<MDL,0.03 ,0.07 ,0.39 ,0.06 ,
33,Bangladesh,Dhaka,C1-8,"BD-C1-8(JJK, Gazipur)",2018-03-24,2018-07-20,SCP-83,118,413,,415.22 ,151.86 ,31.83 ,376.59 ,11.75 ,69992.14 ,30775.69 ,18762.08 ,1842.39 ,8731.34 ,3267.62 ,2537.01 ,2201.77 ,63.61 ,6.46 ,41.46 ,2.70 ,12.58 ,3.90 ,778.93 ,412.01 ,19.70 ,22.71 ,5.42 ,13.40 ,59.22 ,37.96 ,,0.97 ,0.37 ,0.07 ,0.91 ,0.03 ,169.18 ,74.42 ,45.34 ,4.45 ,21.10 ,7.90 ,6.00 ,5.30 ,0.14 ,0.01 ,0.09 ,<MDL,<MDL,0.01 ,1.72 ,0.90 ,<MDL,0.04 ,<MDL,0.02 ,0.13 ,0.09 ,
34,Bangladesh,Chittagong,C2-1,BD-C2-1(Old Ship mosque),2018-03-23,2018-07-14,SCP-84,113,395.5,,852.06 ,340.36 ,62.32 ,458.08 ,41.38 ,29232.65 ,11854.81 ,9310.90 ,775.79 ,3370.31 ,1337.43 ,961.13 ,800.55 ,101.60 ,1.41 ,30.68 ,1.54 ,22.64 ,7.63 ,3961.06 ,1822.72 ,68.10 ,185.95 ,11.77 ,14.68 ,368.49 ,104.31 ,,2.12 ,0.86 ,0.15 ,1.16 ,0.10 ,73.61 ,29.87 ,23.45 ,1.95 ,8.48 ,3.37 ,2.28 ,1.99 ,0.24 ,<MDL,0.07 ,<MDL,0.03 ,0.02 ,9.84 ,4.51 ,0.14 ,0.45 ,0.02 ,0.03 ,0.92 ,0.26 ,
35,Bangladesh,Chittagong,C2-2,BD-C2-2(Old Ship Breaking Yard,2018-03-23,2018-07-14,SCP-85,113,395.5,,765.58 ,698.28 ,98.22 ,497.43 ,93.59 ,29223.17 ,11309.50 ,9183.16 ,739.20 ,3404.59 ,1288.82 ,2018.22 ,647.20 ,88.37 ,4.99 ,14.03 ,1.76 ,17.47 ,15.60 ,6586.97 ,2595.23 ,27.49 ,138.66 ,9.37 ,11.34 ,226.59 ,160.08 ,,1.90 ,1.76 ,0.24 ,1.26 ,0.24 ,73.59 ,28.49 ,23.12 ,1.86 ,8.57 ,3.24 ,4.95 ,1.60 ,0.21 ,0.01 ,0.02 ,<MDL,0.02 ,0.04 ,16.48 ,6.46 ,<MDL,0.33 ,0.01 ,<MDL,0.56 ,0.40 ,
36,Bangladesh,Chittagong,C2-3,Bd-C2-3(Chittagong Chemical),2018-03-23,2018-07-14,SCP-86,113,395.5,,987.79 ,188.23 ,84.52 ,240.70 ,28.62 ,116103.45 ,133526.70 ,69362.92 ,20539.49 ,20173.87 ,23047.19 ,1649.00 ,4057.51 ,30.81 ,1.62 ,36.24 ,2.65 ,16.23 ,7.75 ,699.65 ,330.77 ,0.37 ,32.67 ,41.02 ,5.54 ,173.70 ,30.51 ,,2.46 ,0.47 ,0.20 ,0.61 ,0.07 ,293.26 ,337.51 ,175.29 ,51.93 ,50.97 ,58.26 ,4.02 ,10.23 ,0.06 ,<MDL,0.08 ,<MDL,<MDL,0.02 ,1.60 ,0.73 ,<MDL,0.06 ,0.09 ,<MDL,0.43 ,0.07 ,
37,Bangladesh,Chittagong,C2-4,BD-C2-4(PHP)SONAICHARI,2018-03-23,2018-07-14,SCP-87,113,395.5,,355.44 ,109.24 ,30.43 ,310.88 ,10.62 ,15200.01 ,6138.92 ,6834.85 ,447.33 ,2342.43 ,978.41 ,863.24 ,612.49 ,35.15 ,14.72 ,20.87 ,4.06 ,11.08 ,3.05 ,472.40 ,265.51 ,10.58 ,12.30 ,3.49 ,20.12 ,42.28 ,26.19 ,,0.86 ,0.27 ,0.07 ,0.78 ,0.03 ,38.13 ,15.42 ,17.19 ,1.12 ,5.88 ,2.46 ,2.03 ,1.52 ,0.07 ,0.03 ,0.04 ,<MDL,<MDL,<MDL,1.02 ,0.57 ,<MDL,<MDL,<MDL,0.04 ,0.10 ,0.06 ,
38,Bangladesh,Chittagong,C2-5,BD-C2-5(Chittagopng GK)city,2018-03-23,2018-07-14,SCP-88,113,395.5,,495.21 ,152.11 ,57.91 ,509.50 ,67.16 ,36636.40 ,14490.96 ,14825.27 ,1134.47 ,4574.64 ,1951.78 ,5767.64 ,1459.72 ,55.88 ,1.69 ,64.08 ,4.13 ,23.88 ,32.77 ,879.94 ,423.17 ,44.33 ,82.53 ,20.85 ,30.71 ,297.48 ,57.39 ,,1.22 ,0.38 ,0.14 ,1.29 ,0.17 ,92.33 ,36.53 ,37.39 ,2.86 ,11.53 ,4.92 ,14.43 ,3.66 ,0.13 ,<MDL,0.15 ,<MDL,0.03 ,0.08 ,2.05 ,0.97 ,<MDL,0.19 ,0.04 ,0.07 ,0.74 ,0.14 ,
39,Bangladesh,khulna,C3-1,BD+DC-3(lobonchora),2018-04-13,2018-06-29,SCP-89,77,269.5,,459.17 ,183.40 ,43.88 ,350.62 ,17.30 ,23549.72 ,8841.06 ,9062.01 ,782.42 ,3214.57 ,1184.02 ,1640.06 ,1637.68 ,77.47 ,3988.62 ,40.23 ,2.32 ,19.76 ,3.48 ,1053.00 ,485.67 ,7.94 ,34.05 ,18.34 ,1.62 ,65.86 ,53.95 ,,1.65 ,0.68 ,0.15 ,1.30 ,0.06 ,86.94 ,32.65 ,33.49 ,2.89 ,11.87 ,4.37 ,5.86 ,6.03 ,0.27 ,14.79 ,0.13 ,<MDL,0.03 ,<MDL,3.66 ,1.65 ,<MDL,0.10 ,0.05 ,<MDL,0.23 ,0.20 ,
40,Bangladesh,khulna,C3-2,BD+DC-3(SONADANGA),2018-04-13,2018-06-29,SCP-90,77,269.5,,334.20 ,112.30 ,36.90 ,270.08 ,11.23 ,82820.54 ,27826.91 ,30895.71 ,2736.96 ,12916.98 ,4118.50 ,2289.84 ,6972.56 ,31.93 ,2.86 ,31.53 ,1.54 ,30.40 ,19.90 ,1634.21 ,700.19 ,24.72 ,55.31 ,5.11 ,9.82 ,76.58 ,21.53 ,,1.19 ,0.41 ,0.12 ,1.00 ,0.04 ,306.87 ,103.10 ,114.50 ,10.15 ,47.87 ,15.26 ,8.27 ,25.82 ,0.10 ,<MDL,0.10 ,<MDL,0.07 ,0.07 ,5.81 ,2.45 ,<MDL,0.18 ,<MDL,<MDL,0.27 ,0.08 ,
41,Bangladesh,Khulna,C3-3,BD+DC(Khulna University),2018-04-13,2018-06-29,SCP-91,77,269.5,,358.78 ,159.21 ,23.15 ,369.20 ,11.91 ,38498.85 ,13181.21 ,13141.99 ,1156.72 ,5383.56 ,1862.30 ,1227.04 ,2517.04 ,30.89 ,19.51 ,23.42 ,1.62 ,30.64 ,15.89 ,1174.38 ,575.19 ,6.61 ,118.06 ,11.63 ,18.26 ,110.41 ,27.95 ,,1.28 ,0.59 ,0.07 ,1.37 ,0.04 ,142.41 ,48.75 ,48.63 ,4.28 ,19.92 ,6.89 ,4.33 ,9.29 ,0.09 ,0.06 ,0.07 ,<MDL,0.07 ,0.05 ,4.11 ,1.98 ,<MDL,0.41 ,0.03 ,0.05 ,0.40 ,0.10 ,
42,Bangladesh,Khulna,C3-4,BD+DC(Khalishpur) khulna,2018-04-13,2018-06-29,SCP-92,77,269.5,,477.09 ,148.14 ,47.67 ,419.22 ,15.61 ,19855.02 ,7784.90 ,8290.17 ,683.15 ,2492.07 ,1059.82 ,1511.63 ,1158.27 ,41.72 ,2.52 ,17.78 ,2.04 ,32.59 ,11.19 ,833.24 ,322.62 ,21.97 ,77.28 ,10.25 ,13.10 ,53.30 ,21.53 ,,1.72 ,0.55 ,0.16 ,1.55 ,0.06 ,73.23 ,28.73 ,30.62 ,2.53 ,9.19 ,3.91 ,5.39 ,4.25 ,0.13 ,<MDL,0.05 ,<MDL,0.08 ,0.04 ,2.84 ,1.05 ,<MDL,0.26 ,0.02 ,0.03 ,0.18 ,0.08 ,
43,Bangladesh,Sylhet,C4-1,BD-C4-1(Sylhet),2018-04-15,2018-06-20,SCP-93,66,231,,473.89 ,236.18 ,24.41 ,804.41 ,52.48 ,24387.52 ,14867.15 ,9243.13 ,819.25 ,4196.96 ,2114.44 ,1235.09 ,945.94 ,51.74 ,263.26 ,7.29 ,2.52 ,22.10 ,5.95 ,1531.14 ,452.26 ,2.32 ,132.07 ,54.84 ,11.48 ,67.97 ,10.43 ,,1.99 ,1.02 ,0.09 ,3.48 ,0.22 ,105.05 ,64.18 ,39.85 ,3.54 ,18.10 ,9.13 ,5.09 ,4.04 ,0.20 ,1.13 ,0.01 ,<MDL,0.05 ,0.02 ,6.34 ,1.78 ,<MDL,0.54 ,0.22 ,<MDL,0.28 ,0.04 ,
44,Bangladesh,Bogura,C6-1,BD-C6-1(MOSLA Gobesona),2018-02-15,2018-05-08,SCP-94,82,287,,521.18 ,311.01 ,94.06 ,1013.15 ,59.50 ,21569.77 ,11078.29 ,6223.25 ,680.27 ,1783.89 ,814.01 ,2032.47 ,425.77 ,188.61 ,5647.25 ,28.59 ,1.45 ,19.49 ,5.16 ,823.04 ,464.19 ,14.03 ,56.59 ,24.61 ,27.03 ,74.12 ,22.68 ,,1.77 ,1.08 ,0.32 ,3.53 ,0.21 ,74.74 ,38.45 ,21.55 ,2.36 ,6.16 ,2.81 ,6.87 ,1.44 ,0.64 ,19.67 ,0.08 ,<MDL,0.03 ,0.01 ,2.63 ,1.48 ,<MDL,0.17 ,0.07 ,0.08 ,0.25 ,0.07 ,
45,Bangladesh,Bogura,C6-2,"BD-C6-2(Thonthonia, BRTC )",2018-02-15,2018-05-08,SCP-95,82,287,,454.06 ,285.46 ,68.57 ,980.42 ,30.00 ,44159.56 ,19173.35 ,15832.74 ,1527.49 ,3866.50 ,1684.64 ,3108.29 ,1916.52 ,126.57 ,9176.06 ,37.34 ,2.02 ,17.23 ,23.51 ,651.32 ,411.96 ,19.79 ,44.67 ,32.52 ,15.16 ,98.37 ,19.53 ,,1.53 ,0.99 ,0.23 ,3.41 ,0.10 ,153.45 ,66.66 ,55.04 ,5.31 ,13.42 ,5.85 ,10.62 ,6.63 ,0.42 ,31.97 ,0.11 ,<MDL,0.02 ,0.08 ,2.03 ,1.30 ,<MDL,0.13 ,0.10 ,0.04 ,0.33 ,0.06 ,
46,Bangladesh,Bogura,C6-3,"BD-C6-3(BWDB, Atpara,  BISIC)",2018-02-15,2018-05-08,SCP-96,82,287,,442.10 ,319.35 ,65.04 ,1142.58 ,38.32 ,20458.01 ,10478.74 ,11381.63 ,1587.72 ,2161.33 ,1196.99 ,1703.63 ,794.15 ,167.96 ,2313.51 ,3.89 ,2.12 ,15.40 ,14.17 ,944.90 ,290.67 ,3.41 ,61.81 ,12.53 ,39.37 ,81.08 ,16.53 ,,1.49 ,1.11 ,0.21 ,3.98 ,0.13 ,70.86 ,36.36 ,39.53 ,5.52 ,7.48 ,4.15 ,5.73 ,2.72 ,0.56 ,8.05 ,<MDL,<MDL,<MDL,0.04 ,3.06 ,0.87 ,<MDL,0.19 ,0.03 ,0.12 ,0.27 ,0.05 ,
47,Bangladesh,Bogura,C6-4,"BD-C6-4(Souj,  Nishindara)CHELOPARA",2018-02-15,2018-05-08,SCP-97,82,287,,623.26 ,407.20 ,63.19 ,1402.15 ,28.30 ,37875.54 ,16569.11 ,12317.82 ,1196.50 ,3600.97 ,1555.67 ,1844.30 ,1110.92 ,132.33 ,305.36 ,10.09 ,2.16 ,12.77 ,8.74 ,1343.99 ,611.12 ,11.20 ,26.18 ,19.89 ,12.12 ,56.15 ,21.66 ,,2.12 ,1.42 ,0.21 ,4.88 ,0.10 ,131.55 ,57.59 ,42.79 ,4.16 ,12.49 ,5.40 ,6.22 ,3.83 ,0.44 ,1.06 ,0.02 ,<MDL,<MDL,0.03 ,4.45 ,1.99 ,<MDL,0.07 ,0.06 ,<MDL,0.18 ,0.07 ,
48,Bangladesh,Dhaka,C1-1,BD-C1-1(Chemistry Building),2018-06-12,2018-08-30,SCP-98,79,276.5,,1313.43 ,620.48 ,130.17 ,1812.62 ,71.09 ,99452.60 ,44963.00 ,41039.44 ,4492.68 ,14832.07 ,5984.32 ,5712.95 ,7398.67 ,138.47 ,398.97 ,34.52 ,1.79 ,31.06 ,29.51 ,689.52 ,266.60 ,83.37 ,27.62 ,26.47 ,27.30 ,27.25 ,54.96 ,,4.70 ,2.24 ,0.46 ,6.55 ,0.25 ,359.25 ,162.46 ,148.29 ,16.24 ,53.59 ,21.62 ,20.45 ,26.71 ,0.48 ,1.44 ,0.11 ,<MDL,0.07 ,0.10 ,2.25 ,0.82 ,0.25 ,0.07 ,0.08 ,0.08 ,0.09 ,0.19 ,
49,Bangladesh,Dhaka,C1-2,BD-C1-2(Amin Bazar),2018-06-13,2018-08-30,SCP-99,78,273,,3464.25 ,511.94 ,134.78 ,1358.65 ,42.05 ,64042.16 ,26774.05 ,24707.06 ,2621.95 ,11587.49 ,4269.52 ,4398.97 ,4537.70 ,110.22 ,458.24 ,90.01 ,1.62 ,20.98 ,14.54 ,783.16 ,144.50 ,72.48 ,58.85 ,41.52 ,126.09 ,210.93 ,30.05 ,,12.64 ,1.87 ,0.48 ,4.97 ,0.15 ,234.15 ,97.92 ,90.36 ,9.59 ,42.39 ,15.62 ,15.89 ,16.57 ,0.38 ,1.67 ,0.31 ,<MDL,0.04 ,0.05 ,2.62 ,0.38 ,0.21 ,0.19 ,0.14 ,0.44 ,0.76 ,0.11 ,
50,Bangladesh,Dhaka,C1-3,BD-C1-3(Demra Dumping place),2018-07-03,2018-09-15,SCP-100,74,259,,3398.02 ,536.02 ,247.60 ,1280.22 ,36.42 ,207304.54 ,119885.37 ,66050.15 ,8148.92 ,32856.55 ,10387.44 ,4808.79 ,11460.44 ,123.61 ,712.97 ,82.79 ,2.08 ,17.13 ,48.99 ,1187.43 ,334.65 ,41.31 ,117.23 ,58.37 ,38.20 ,88.63 ,73.21 ,,13.06 ,2.07 ,0.94 ,4.94 ,0.14 ,799.94 ,462.71 ,254.87 ,31.45 ,126.80 ,40.08 ,18.34 ,44.20 ,0.45 ,2.74 ,0.30 ,<MDL,0.03 ,0.18 ,4.32 ,1.14 ,<MDL,0.42 ,0.21 ,0.13 ,0.33 ,0.28 ,
51,Bangladesh,Dhaka,C1-4,BD-C1-4(Medical Incineration)),2018-07-03,2018-09-15,SCP-101,74,259,,3985.75 ,569.98 ,193.71 ,1725.88 ,88.74 ,326814.98 ,197866.19 ,123222.22 ,15916.02 ,60582.41 ,18335.64 ,5218.04 ,23425.56 ,131.64 ,612.84 ,68.93 ,2.15 ,29.00 ,143.54 ,867.57 ,425.37 ,148.72 ,925.32 ,27.26 ,44.31 ,56.42 ,45.90 ,,15.33 ,2.20 ,0.73 ,6.66 ,0.34 ,1261.37 ,763.80 ,475.62 ,61.44 ,233.85 ,70.77 ,19.92 ,90.40 ,0.49 ,2.36 ,0.25 ,<MDL,0.07 ,0.55 ,3.09 ,1.49 ,0.52 ,3.54 ,0.09 ,0.15 ,0.20 ,0.17 ,
52,Bangladesh,Dhaka,C1-5,"BD-C1-5(Mohakhali, Dhaka)",2018-06-20,2018-08-30,SCP-102,71,248.5,,917.86 ,325.87 ,139.66 ,1432.43 ,59.11 ,116674.62 ,46768.94 ,44330.51 ,4629.16 ,14391.91 ,6238.62 ,7564.03 ,8533.43 ,293.88 ,70.56 ,30.07 ,1.47 ,55.23 ,56.10 ,885.33 ,282.01 ,21.56 ,152.82 ,92.98 ,10.61 ,24.66 ,30.07 ,,3.64 ,1.31 ,0.55 ,5.76 ,0.24 ,469.03 ,188.04 ,178.24 ,18.62 ,57.85 ,25.08 ,30.20 ,34.29 ,1.16 ,0.28 ,0.10 ,<MDL,0.18 ,0.22 ,3.29 ,0.97 ,<MDL,0.59 ,0.36 ,<MDL,0.08 ,0.12 ,
53,Bangladesh,Dhaka,C1-7,"BD-C1-7(Akrain Bazar, Savar)",2018-06-13,2018-08-30,SCP-103,78,273,,827.45 ,287.04 ,25.91 ,518.15 ,9.30 ,42842.23 ,18328.21 ,17952.37 ,1881.40 ,5934.55 ,2612.88 ,1573.50 ,3247.91 ,79.22 ,5122.92 ,3.12 ,1.79 ,29.53 ,22.59 ,665.27 ,260.33 ,20.89 ,49.10 ,38.02 ,5.86 ,2.37 ,25.06 ,,2.98 ,1.05 ,0.08 ,1.90 ,0.03 ,156.49 ,66.98 ,65.62 ,6.88 ,21.68 ,9.55 ,5.54 ,11.85 ,0.27 ,18.76 ,<MDL,<MDL,0.07 ,0.08 ,2.19 ,0.81 ,<MDL,0.15 ,0.13 ,<MDL,<MDL,0.09 ,
54,Bangladesh,Dhaka,C1-8,"BD-C1-8(JJK, Gazipur)",2018-07-20,2018-10-17,SCP-104,89,311.5,,804.44 ,286.75 ,15.63 ,418.32 ,4.31 ,34775.04 ,17742.79 ,12293.75 ,1339.13 ,4228.72 ,2107.16 ,1178.23 ,1364.35 ,26.92 ,12.95 ,14.17 ,2.78 ,24.92 ,20.36 ,2445.90 ,809.77 ,80.30 ,20.18 ,8.78 ,30.79 ,3.21 ,17.37 ,,2.54 ,0.92 ,0.04 ,1.34 ,0.01 ,111.25 ,56.82 ,39.35 ,4.29 ,13.53 ,6.74 ,3.59 ,4.34 ,0.07 ,0.03 ,0.03 ,<MDL,0.05 ,0.06 ,7.64 ,2.47 ,0.21 ,0.04 ,<MDL,0.08 ,<MDL,0.05 ,
55,Bangladesh,Chittagong,C2-1,BD-C2-1(Old ship Mosque),2018-07-14,2018-09-30,SCP-105,78,273,,1539.55 ,593.53 ,45.07 ,749.21 ,28.47 ,17918.74 ,9071.22 ,7799.69 ,799.73 ,2460.41 ,1296.34 ,730.01 ,699.91 ,151.93 ,22.35 ,30.34 ,13.80 ,71.70 ,15.87 ,114837.82 ,37490.15 ,6299.89 ,35.35 ,31.38 ,20.43 ,34.72 ,59.76 ,,5.59 ,2.17 ,0.15 ,2.74 ,0.10 ,65.20 ,33.07 ,28.43 ,2.92 ,8.96 ,4.73 ,2.46 ,2.52 ,0.54 ,0.07 ,0.09 ,0.05 ,0.22 ,0.05 ,420.40 ,137.18 ,23.03 ,0.10 ,0.10 ,0.06 ,0.11 ,0.21 ,
56,Bangladesh,Chittagong,C2-2,BD-C2-2(Old ship breaking yard),2018-07-14,2018-09-30,SCP-106,78,273,,1438.47 ,488.62 ,51.34 ,754.32 ,28.25 ,20682.31 ,9983.87 ,8958.70 ,861.82 ,2774.85 ,1365.35 ,1096.65 ,953.35 ,96.89 ,15.91 ,43.78 ,1.97 ,22.95 ,22.39 ,98165.03 ,30162.86 ,6135.82 ,39.02 ,53.71 ,24.27 ,32.48 ,91.70 ,,5.22 ,1.79 ,0.17 ,2.76 ,0.10 ,75.32 ,36.42 ,32.68 ,3.15 ,10.11 ,4.98 ,3.80 ,3.44 ,0.33 ,0.05 ,0.14 ,<MDL,0.05 ,0.08 ,359.33 ,110.34 ,22.42 ,0.12 ,0.18 ,0.07 ,0.11 ,0.33 ,
57,Bangladesh,Chittagong,C2-3,Bd-C2-3(Chemical complex),2018-07-14,2018-09-30,SCP-107,78,273,,1457.82 ,342.28 ,98.18 ,419.32 ,2.89 ,92745.88 ,177117.47 ,68159.77 ,20253.53 ,18367.86 ,22386.60 ,1009.65 ,5226.75 ,48.99 ,28.15 ,31.18 ,1.53 ,41.06 ,4.90 ,320.79 ,141.94 ,31.26 ,1317.68 ,20.67 ,8.36 ,14.81 ,16.24 ,,5.29 ,1.25 ,0.35 ,1.53 ,0.01 ,339.29 ,648.63 ,249.53 ,74.18 ,67.23 ,81.98 ,3.48 ,19.10 ,0.16 ,0.10 ,0.10 ,<MDL,0.11 ,0.01 ,0.93 ,0.37 ,<MDL,4.80 ,0.06 ,<MDL,0.04 ,0.05 ,
58,Bangladesh,Chittagong,C2-4,"BD-C2-4(PHP, Kumira, Shitakundo)",2018-07-14,2018-09-30,SCP-108,78,273,,848.30 ,214.41 ,23.33 ,434.15 ,8.18 ,15452.56 ,7040.99 ,7254.25 ,532.02 ,2206.98 ,1021.74 ,1320.98 ,837.22 ,36.91 ,8.49 ,28.07 ,2.23 ,25.24 ,6.44 ,604.25 ,349.83 ,24.96 ,16.38 ,25.82 ,15.61 ,6.39 ,36.59 ,,3.05 ,0.78 ,0.07 ,1.59 ,0.03 ,56.16 ,25.64 ,26.43 ,1.94 ,8.03 ,3.72 ,4.62 ,3.02 ,0.11 ,0.02 ,0.09 ,<MDL,0.05 ,0.02 ,1.97 ,1.13 ,<MDL,0.03 ,0.08 ,0.04 ,<MDL,0.13 ,
59,Bangladesh,Chittagong,C2-5,BD-C2-5(Chittagopng GK)city,2018-07-14,2018-09-30,SCP-109,78,273,,885.10 ,270.54 ,88.28 ,546.63 ,15.77 ,43143.37 ,15733.29 ,18485.29 ,1676.30 ,7043.98 ,2662.32 ,3978.99 ,4765.49 ,150.05 ,8323.05 ,20.51 ,2.10 ,18.59 ,47.51 ,1365.09 ,751.77 ,11.30 ,13.53 ,49.71 ,17.70 ,20.51 ,39.88 ,,3.19 ,0.99 ,0.31 ,2.00 ,0.06 ,157.59 ,57.48 ,67.57 ,6.13 ,25.75 ,9.73 ,14.36 ,17.41 ,0.53 ,30.48 ,0.06 ,<MDL,0.03 ,0.17 ,4.75 ,2.61 ,<MDL,<MDL,0.17 ,0.05 ,0.06 ,0.14 ,
60,Bangladesh,Khulna,C3-1,BD-C3-1(Khulna),2018-06-29,2018-09-10,SCP-110,73,255.5,,407.63 ,298.08 ,20.76 ,615.89 ,10.68 ,49573.12 ,18231.94 ,19581.12 ,2021.49 ,5805.14 ,2448.82 ,2483.09 ,4700.75 ,44.96 ,9476.66 ,3.39 ,4.95 ,28.35 ,15.01 ,305.75 ,119.22 ,16.38 ,31.61 ,16.02 ,7.13 ,8.54 ,28.37 ,,1.54 ,1.16 ,0.07 ,2.41 ,0.04 ,193.55 ,71.19 ,76.49 ,7.90 ,22.66 ,9.56 ,9.48 ,18.35 ,0.15 ,37.08 ,<MDL,0.01 ,0.07 ,0.05 ,0.93 ,0.31 ,<MDL,0.09 ,0.05 ,<MDL,0.02 ,0.11 ,
61,Bangladesh,Khulna,C3-2,BD-C3-2(Khulna),2018-06-29,2018-09-10,SCP-111,73,255.5,,648.23 ,403.27 ,71.92 ,874.24 ,12.18 ,31517.49 ,12491.49 ,13995.64 ,1398.11 ,3184.25 ,1464.39 ,5400.89 ,3046.73 ,288.07 ,12064.64 ,41.66 ,2.30 ,24.27 ,33.37 ,197281.14 ,63830.25 ,14831.54 ,50.73 ,45.25 ,69.22 ,18.65 ,33.24 ,,2.48 ,1.57 ,0.27 ,3.42 ,0.05 ,122.89 ,48.73 ,54.63 ,5.46 ,12.40 ,5.71 ,20.90 ,11.87 ,1.10 ,47.21 ,0.15 ,<MDL,0.05 ,0.13 ,771.87 ,249.67 ,57.99 ,0.17 ,0.16 ,0.25 ,0.06 ,0.13 ,
62,Bangladesh,Khulna,C3-3,BD-C3-3(Khulna),2018-06-29,2018-09-10,SCP-112,73,255.5,,552.52 ,372.05 ,56.12 ,614.45 ,12.16 ,48456.32 ,17926.03 ,21046.90 ,2195.86 ,6288.94 ,2565.48 ,2957.93 ,5574.16 ,87.56 ,14931.29 ,37.82 ,1.90 ,21.27 ,20.19 ,732.73 ,465.96 ,31.91 ,22.24 ,14.20 ,16.74 ,13.98 ,27.85 ,,2.11 ,1.45 ,0.21 ,2.40 ,0.05 ,189.18 ,70.00 ,82.23 ,8.58 ,24.55 ,10.02 ,11.34 ,21.77 ,0.32 ,58.43 ,0.13 ,<MDL,0.04 ,0.07 ,2.60 ,1.67 ,<MDL,0.06 ,0.04 ,0.05 ,0.04 ,0.10 ,
63,Bangladesh,Khulna,C3-4,BD-C3-4(Khulna),2018-06-29,2018-09-10,SCP-113,73,255.5,,759.11 ,258.11 ,34.13 ,650.93 ,26.92 ,39853.22 ,14267.09 ,18883.47 ,1995.81 ,4961.91 ,2225.27 ,2265.11 ,4089.73 ,128.02 ,4515.07 ,44.94 ,2.91 ,11.99 ,82.79 ,14237.21 ,5813.98 ,1224.71 ,38.06 ,13.01 ,28.60 ,17.43 ,19.17 ,,2.91 ,1.01 ,0.12 ,2.54 ,0.10 ,155.51 ,55.67 ,73.76 ,7.80 ,19.36 ,8.68 ,8.63 ,15.96 ,0.48 ,17.66 ,0.16 ,<MDL,<MDL,0.32 ,55.46 ,22.60 ,4.74 ,0.12 ,0.04 ,0.09 ,0.05 ,0.07 ,
64,Bangladesh,Bogura,C6-1,"BD-C6-1-(MOSLA ,BADC,MATIDALI)",2018-05-08,2018-10-30,SCP-114,175,612.5,,842.38 ,545.93 ,24.64 ,1249.24 ,23.81 ,57863.12 ,32898.89 ,22924.78 ,2340.81 ,6537.56 ,3360.09 ,1017.60 ,1319.52 ,160.64 ,15.29 ,9.77 ,2.63 ,42.86 ,16.50 ,1280.05 ,543.01 ,16.21 ,76.44 ,8.33 ,70.43 ,5.85 ,40.62 ,,1.35 ,0.89 ,0.03 ,2.04 ,0.04 ,94.27 ,53.64 ,37.37 ,3.82 ,10.65 ,5.48 ,1.56 ,2.13 ,0.25 ,0.02 ,0.01 ,<MDL,0.05 ,0.02 ,1.98 ,0.82 ,<MDL,0.11 ,<MDL,0.11 ,<MDL,0.06 ,
65,Bangladesh,Bogura,C6-2,"BD-C6-2-(Thonthoniya, BRTC)",2018-05-08,2018-10-30,SCP-115,175,612.5,,1056.50 ,609.92 ,100.15 ,1662.61 ,50.34 ,118687.17 ,61380.31 ,51842.28 ,4768.06 ,14995.09 ,6800.15 ,1922.03 ,6573.45 ,200.70 ,19.74 ,7.89 ,9.70 ,109.98 ,75.60 ,867.00 ,253.97 ,3207.15 ,1016.45 ,35.22 ,15.32 ,13.41 ,64.27 ,,1.70 ,0.99 ,0.16 ,2.71 ,0.08 ,193.58 ,100.14 ,84.58 ,7.78 ,24.46 ,11.09 ,3.04 ,10.71 ,0.32 ,0.03 ,0.01 ,0.01 ,0.16 ,0.12 ,1.31 ,0.35 ,5.21 ,1.65 ,0.05 ,0.02 ,0.02 ,0.10 ,
66,Bangladesh,Bogura,C6-3,BD-C6-3(BWDB+Atapara)BISIC,2018-05-08,2018-10-30,SCP-116,175,612.5,,1121.12 ,453.38 ,124.25 ,1498.23 ,22.77 ,40139.56 ,20493.06 ,29690.86 ,4322.00 ,5242.29 ,3060.99 ,1671.08 ,2312.73 ,234.84 ,365.14 ,21.15 ,3.01 ,33.29 ,20.36 ,694.43 ,159.99 ,13.92 ,27.78 ,13.62 ,26.11 ,33.89 ,17.63 ,,1.81 ,0.74 ,0.20 ,2.44 ,0.04 ,65.34 ,33.39 ,48.41 ,7.05 ,8.53 ,4.99 ,2.63 ,3.75 ,0.37 ,0.59 ,0.03 ,<MDL,0.04 ,0.03 ,1.02 ,0.20 ,<MDL,0.03 ,0.02 ,0.03 ,0.05 ,0.03 ,
67,Bangladesh,Bogura,C6-4,"BD-C6-4(Chelopara)NISHINDARA, SOUJ)",2018-05-08,2018-10-30,SCP-117,175,612.5,,1665.94 ,661.27 ,323.04 ,2199.68 ,87.54 ,73861.48 ,35949.04 ,33936.91 ,3249.95 ,11172.37 ,5231.21 ,5174.99 ,4995.72 ,600.18 ,3025.08 ,69.29 ,15.22 ,40.39 ,34.98 ,2238.78 ,1141.24 ,13.35 ,118.40 ,43.20 ,112.36 ,26.66 ,47.48 ,,2.70 ,1.08 ,0.52 ,3.59 ,0.14 ,120.39 ,58.62 ,55.35 ,5.30 ,18.22 ,8.53 ,8.35 ,8.13 ,0.97 ,4.94 ,0.11 ,0.02 ,0.05 ,0.05 ,3.55 ,1.80 ,<MDL,0.18 ,0.06 ,0.18 ,0.04 ,0.08 ,
68,Bangladesh,Mymensingh,C7-1,BD-C7-1(Mymensingh),2018-07-03,2018-09-30,SCP-118,89,311.5,,2816.25 ,753.29 ,153.75 ,2129.11 ,38.45 ,76781.58 ,42408.41 ,29218.07 ,3138.26 ,9720.47 ,4571.70 ,3945.84 ,3800.40 ,98.19 ,360.46 ,109.01 ,6.90 ,23.47 ,79.52 ,534.96 ,109.88 ,24.40 ,156.11 ,164.26 ,56.03 ,84.07 ,36.07 ,,8.99 ,2.42 ,0.48 ,6.83 ,0.12 ,246.10 ,136.01 ,93.68 ,10.07 ,31.16 ,14.66 ,12.48 ,12.16 ,0.30 ,1.15 ,0.34 ,0.02 ,0.04 ,0.25 ,1.50 ,<MDL,<MDL,0.48 ,0.51 ,0.16 ,0.26 ,0.11 ,
69,Bangladesh,Mymensingh ,C7-2,BD-C7-2( RAK Ceramics),2018-07-03,2018-09-30,SCP-119,89,311.5,,2355.48 ,576.17 ,110.53 ,1930.49 ,86.99 ,81025.17 ,40119.77 ,28541.24 ,3559.35 ,10253.19 ,4097.22 ,3817.46 ,5627.82 ,63.31 ,69.64 ,54.58 ,2.30 ,30.92 ,42.71 ,535.97 ,156.53 ,19.21 ,47.81 ,153.04 ,49.72 ,48.27 ,30.86 ,,7.52 ,1.85 ,0.34 ,6.19 ,0.28 ,259.73 ,128.66 ,91.50 ,11.42 ,32.87 ,13.13 ,12.06 ,18.02 ,0.18 ,0.22 ,0.16 ,<MDL,0.07 ,0.13 ,1.50 ,0.37 ,<MDL,0.13 ,0.48 ,0.14 ,0.14 ,0.10 ,
,,,,,,,,,,,,,,,,,,,,,,,,,,,,,,,,,,,,,,,,,,,,,,,,,,,,,,,,,,,,,,,,,,
,,,,,,,,,LB1,,11.78 ,0.87 ,0.68 ,0.23 ,0.50 ,8.77 ,4.78 ,9.14 ,0.02 ,0.53 ,1.08 ,56.41 ,12.91 ,2.83 ,2.28 ,5.37 ,0.43 ,10.49 ,0.38 ,48.40 ,8.59 ,3.87 ,9.43 ,3.74 ,3.34 ,4.68 ,1.01 ,mean,4.65 ,1.68 ,0.32 ,4.55 ,0.14 ,275.89 ,139.66 ,119.46 ,21.44 ,41.53 ,16.64 ,9.52 ,18.53 ,1.71 ,5.81 ,0.13 ,0.02 ,0.09 ,0.08 ,29.11 ,9.65 ,10.18 ,0.46 ,4.52 ,0.49 ,0.35 ,0.19 ,
,,,,,,,,,LB2,,16.05 ,0.59 ,2.03 ,0.90 ,0.84 ,328.57 ,113.57 ,81.82 ,7.20 ,43.26 ,15.80 ,77.45 ,16.44 ,1.70 ,1.48 ,4.67 ,2.63 ,13.07 ,2.27 ,77.23 ,41.62 ,0.36 ,8.31 ,6.14 ,2.22 ,4.08 ,2.22 ,std,3.62 ,1.35 ,0.38 ,3.53 ,0.14 ,450.91 ,246.05 ,216.66 ,56.70 ,74.10 ,25.29 ,7.41 ,31.74 ,8.89 ,13.16 ,0.10 ,0.01 ,0.10 ,0.09 ,112.02 ,36.53 ,16.22 ,0.79 ,30.18 ,2.27 ,0.52 ,0.53 ,
,,,,,,,,,LB3,,15.62 ,1.13 ,8.17 ,1.25 ,0.56 ,22.54 ,8.30 ,21.65 ,0.72 ,1.66 ,2.17 ,45.51 ,9.85 ,13.11 ,2.53 ,3.57 ,0.54 ,8.39 ,1.45 ,76.78 ,70.65 ,37.94 ,4.44 ,1.66 ,8.61 ,2.17 ,0.50 ,,,,,,,,,,,,,,,,,,,,,,,,,,,,,
,,,,,,,,,,,,,,,,,,,,,,,,,,,,,,,,,,,,,,,,,,,,,,,,,,,,,,,,,,,,,,,,,,
,,,,,,,,,mean,,14.48 ,0.86 ,3.63 ,0.79 ,0.63 ,119.96 ,42.22 ,37.53 ,2.65 ,15.15 ,6.35 ,59.79 ,13.07 ,5.88 ,2.10 ,4.53 ,1.20 ,10.65 ,1.37 ,67.47 ,40.29 ,14.06 ,7.39 ,3.85 ,4.72 ,3.65 ,1.24 ,,,,,,,,,,,,,,,,,,,,,,,,,,,,,
,,,,,,,,,std,,1.92 ,0.22 ,3.26 ,0.42 ,0.15 ,147.62 ,50.48 ,31.73 ,3.23 ,19.88 ,6.70 ,13.26 ,2.69 ,5.13 ,0.45 ,0.74 ,1.01 ,1.91 ,0.77 ,13.49 ,25.35 ,16.95 ,2.14 ,1.83 ,2.79 ,1.07 ,0.72 ,,,,,,,,,,,,,,,,,,,,,,,,,,,,,
,,,,,,,,,"MDL, pg",,20.25 ,1.54 ,13.41 ,2.06 ,1.08 ,562.81 ,193.65 ,132.71 ,12.35 ,74.80 ,26.45 ,99.56 ,21.14 ,21.28 ,3.43 ,6.76 ,4.24 ,16.39 ,3.68 ,107.92 ,116.35 ,64.90 ,13.81 ,9.34 ,13.08 ,6.86 ,3.40 ,,,,,,,,,,,,,,,,,,,,,,,,,,,,,
